{
  "MedInc": 0.5837238224919369,
  "HouseAge": 0.02914716465112731,
  "AveRooms": 0.011261581145716903,
  "AveBedrms": 0.0024155976558651315,
  "Population": 0.0005797836857299403,
  "AveOccup": 0.10976160523248087,
  "Latitude": 0.10449312039989561,
  "Longitude": 0.10757842991097033,
  "RoomsPerHousehold": 0.035022375129693306,
  "BedroomsPerRoom": 0.013203191387901643,
  "PopulationPerHousehold": 0.0028133283086821843
}