{
  "model_name": "Gradient Boosting",
  "metrics": {
    "rmse_train": 0.504112290466505,
    "rmse_test": 0.5384366912210548,
    "mae_train": 0.35112810712372006,
    "mae_test": 0.36678976591134105,
    "r2_train": 0.8098942673076595,
    "r2_test": 0.7787606195721737
  },
  "timestamp": "2026-06-01T14:32:04.289485"
}